<?xml version="1.0" encoding="utf-8"?><!DOCTYPE nta PUBLIC '-//Uppaal Team//DTD Flat System 1.1//EN' 'http://www.it.uu.se/research/group/darts/uppaal/flat-1_1.dtd'><nta><declaration>// Place global declarations here.
clock y;
//clock z;

chan a;
chan b;
chan c;
</declaration><template><name x="5" y="5">Property</name><location id="id0" x="-416" y="-192"><name x="-400" y="-216">li1</name></location><location id="id1" x="-576" y="-192"><name x="-586" y="-222">li0</name></location><location id="id2" x="-280" y="-192"><name x="-280" y="-224">li2</name></location><location id="id3" x="-336" y="-304"><name x="-346" y="-334">li5</name></location><location id="id4" x="40" y="-192"><name x="30" y="-222">Final1</name></location><location id="id5" x="-144" y="-192"><name x="-154" y="-222">li3</name></location><location id="id6" x="-192" y="-304"><name x="-200" y="-336">Final2</name></location><location id="id7" x="-256" y="-16"><name x="-264" y="-24">li7</name></location><init ref="id1"/><transition><source ref="id3"/><target ref="id7"/><label kind="synchronisation" x="-24" y="-352">c?</label><label kind="assignment" x="8" y="-344">y=0</label><nail x="-232" y="-368"/><nail x="-80" y="-344"/><nail x="136" y="-304"/><nail x="136" y="48"/></transition><transition><source ref="id2"/><target ref="id7"/><label kind="synchronisation" x="-304" y="-120">a?</label><nail x="-288" y="-104"/></transition><transition><source ref="id5"/><target ref="id7"/><label kind="guard" x="-120" y="-136">y&lt;60 &amp;&amp; y&gt;80</label><label kind="synchronisation" x="-112" y="-152">c?</label><nail x="-112" y="-80"/></transition><transition><source ref="id4"/><target ref="id7"/><label kind="synchronisation" x="16" y="-48">c?</label><nail x="40" y="-32"/></transition><transition><source ref="id4"/><target ref="id7"/><label kind="synchronisation" x="0" y="-72">b?</label><nail x="24" y="-56"/></transition><transition><source ref="id4"/><target ref="id7"/><label kind="synchronisation" x="-32" y="-104">a?</label><nail x="-16" y="-72"/></transition><transition><source ref="id6"/><target ref="id7"/><label kind="synchronisation" x="-32" y="-304">c?</label><nail x="120" y="-256"/><nail x="120" y="32"/></transition><transition><source ref="id6"/><target ref="id7"/><label kind="synchronisation" x="72" y="-88">b?</label><nail x="88" y="-232"/><nail x="48" y="8"/></transition><transition><source ref="id6"/><target ref="id6"/><label kind="synchronisation" x="-200" y="-360">a?</label><nail x="-216" y="-344"/><nail x="-160" y="-344"/></transition><transition><source ref="id3"/><target ref="id6"/><label kind="synchronisation" x="-296" y="-272">b?</label><label kind="assignment" x="-272" y="-272">y=0</label><nail x="-248" y="-272"/></transition><transition><source ref="id1"/><target ref="id7"/><label kind="guard" x="-616" y="-64">y&gt;20</label><label kind="synchronisation" x="-592" y="-88">b?</label><nail x="-560" y="-24"/><nail x="-288" y="-8"/></transition><transition><source ref="id1"/><target ref="id7"/><label kind="guard" x="-544" y="-96">y&gt;20</label><label kind="synchronisation" x="-544" y="-112">a?</label><nail x="-536" y="-48"/></transition><transition><source ref="id5"/><target ref="id7"/><label kind="synchronisation" x="-176" y="-88">b?</label><nail x="-152" y="-72"/></transition><transition><source ref="id7"/><target ref="id7"/><label kind="synchronisation" x="-200" y="8">c?</label><nail x="-208" y="24"/><nail x="-200" y="8"/></transition><transition><source ref="id7"/><target ref="id7"/><label kind="synchronisation" x="-232" y="32">b?</label><nail x="-240" y="32"/><nail x="-216" y="24"/></transition><transition><source ref="id7"/><target ref="id7"/><label kind="synchronisation" x="-296" y="24">a?</label><nail x="-296" y="16"/><nail x="-256" y="32"/></transition><transition><source ref="id5"/><target ref="id7"/><label kind="synchronisation" x="-216" y="-120">a?</label></transition><transition><source ref="id2"/><target ref="id7"/><label kind="synchronisation" x="-264" y="-120">c?</label></transition><transition><source ref="id0"/><target ref="id7"/><label kind="synchronisation" x="-344" y="-128">c?</label></transition><transition><source ref="id1"/><target ref="id7"/><label kind="synchronisation" x="-456" y="-96">c?</label><nail x="-464" y="-80"/></transition><transition><source ref="id3"/><target ref="id6"/><label kind="synchronisation" x="-280" y="-320">a?</label><label kind="assignment" x="-256" y="-320">y=0</label></transition><transition><source ref="id0"/><target ref="id3"/><label kind="synchronisation" x="-392" y="-264">a?</label><label kind="assignment" x="-416" y="-248">y=0</label></transition><transition><source ref="id5"/><target ref="id4"/><label kind="guard" x="-112" y="-222">y&gt;=60 &amp;&amp; y&lt;=80</label><label kind="synchronisation" x="-112" y="-207">c?</label></transition><transition><source ref="id2"/><target ref="id5"/><label kind="synchronisation" x="-224" y="-208">b?</label></transition><transition><source ref="id0"/><target ref="id2"/><label kind="synchronisation" x="-352" y="-208">b?</label></transition><transition><source ref="id1"/><target ref="id0"/><label kind="guard" x="-504" y="-152">y&lt;=20</label><label kind="synchronisation" x="-504" y="-176">b?</label><nail x="-496" y="-152"/></transition><transition><source ref="id1"/><target ref="id0"/><label kind="guard" x="-528" y="-224">y&lt;=20</label><label kind="synchronisation" x="-520" y="-208">a?</label></transition></template><system>// Place template instantiations here.
Process2 = Property();
// List one or more processes to be composed into a system.
system Process2;
</system></nta>