<?xml version="1.0" encoding="utf-8"?><!DOCTYPE nta PUBLIC '-//Uppaal Team//DTD Flat System 1.1//EN' 'http://www.it.uu.se/research/group/darts/uppaal/flat-1_1.dtd'><nta><declaration>// Place global declarations here.
clock z;
//clock y;
chan p;
chan P;
chan q;</declaration><template><name x="5" y="5">Property</name><declaration>// Place local declarations here.
</declaration><location id="id0" x="128" y="-80"><name x="72" y="-88">Final1</name></location><init ref="id0"/><transition><source ref="id0"/><target ref="id0"/><label kind="synchronisation" x="-8" y="-104">p?</label><nail x="-24" y="-152"/><nail x="-24" y="-152"/><nail x="-24" y="-32"/></transition><transition><source ref="id0"/><target ref="id0"/><label kind="synchronisation" x="144" y="-16">P?</label><nail x="96" y="32"/><nail x="232" y="-24"/></transition><transition><source ref="id0"/><target ref="id0"/><label kind="synchronisation" x="192" y="-176">q?</label><nail x="120" y="-192"/><nail x="272" y="-112"/></transition></template><system>// Place template instantiations here.
Process2 = Property();

// List one or more processes to be composed into a system.
system Process2;</system></nta>