<?xml version="1.0" encoding="utf-8"?>
<!DOCTYPE nta PUBLIC "-//Uppaal Team//DTD Flat System 1.1//EN" "http://www.it.uu.se/research/group/darts/uppaal/flat-1_1.dtd">
<nta>
  <declaration>// Place global declarations here.
clock z;
//clock y;
chan p;
chan P;
chan q;

clock y;</declaration>
    <template>
    <name x="5" y="5">TA_Product</name>
    
    <declaration>// Place local declarations here.

// Place local declarations here.
</declaration>
    
    <location id="Final1Final1" x="0" y="0">
      <name >Final1Final1</name>
      
      
      
      
    </location>

    <location id="Final1l2" x="0" y="0">
      <name >Final1l2</name>
      
      
      
      
    </location>

    <location id="Final1Final2" x="0" y="0">
      <name >Final1Final2</name>
      
      
      
      
    </location>
    
    <init ref="Final1Final1" />
    
    <transition>
      <source ref="Final1Final2" />
      <target ref="Final1Final2" />
      
      
      <label kind="synchronisation">p?</label>
      
      
    </transition>

    <transition>
      <source ref="Final1Final1" />
      <target ref="Final1Final1" />
      
      
      <label kind="synchronisation">p?</label>
      
      
    </transition>

    <transition>
      <source ref="Final1l2" />
      <target ref="Final1l2" />
      
      
      <label kind="synchronisation">p?</label>
      
      
    </transition>

    <transition>
      <source ref="Final1Final2" />
      <target ref="Final1Final2" />
      
      
      <label kind="synchronisation">P?</label>
      
      
    </transition>

    <transition>
      <source ref="Final1l2" />
      <target ref="Final1l2" />
      
      
      <label kind="synchronisation">P?</label>
      
      
    </transition>

    <transition>
      <source ref="Final1Final1" />
      <target ref="Final1Final1" />
      
      
      <label kind="synchronisation">P?</label>
      
      
    </transition>

    <transition>
      <source ref="Final1l2" />
      <target ref="Final1l2" />
      
      
      <label kind="synchronisation">q?</label>
      
      
    </transition>

    <transition>
      <source ref="Final1Final2" />
      <target ref="Final1Final2" />
      
      <label kind="guard">y&gt;=900</label>
      <label kind="synchronisation">q?</label>
      <label kind="assignment">y=0</label>
      
    </transition>

    <transition>
      <source ref="Final1Final2" />
      <target ref="Final1l2" />
      
      <label kind="guard">y&lt;900</label>
      <label kind="synchronisation">q?</label>
      
      
    </transition>

    <transition>
      <source ref="Final1Final1" />
      <target ref="Final1Final2" />
      
      
      <label kind="synchronisation">q?</label>
      <label kind="assignment">y=0</label>
      
    </transition>
  </template>

  <system>
//Place template instantiations here.
Process1 = TA_Product();
// List one or more processes to be composed into a system.
system Process1;
</system>
</nta>