<?xml version="1.0" encoding="utf-8"?><!DOCTYPE nta PUBLIC '-//Uppaal Team//DTD Flat System 1.1//EN' 'http://www.it.uu.se/research/group/darts/uppaal/flat-1_1.dtd'><nta><declaration>// Place global declarations here.

clock z;

chan a;
chan b;
chan c;
</declaration><template><name x="5" y="5">Property</name><declaration>// Place local declarations here.
//clock x;</declaration><location id="id0" x="448" y="-56"><name x="440" y="-64">Final2</name></location><location id="id1" x="288" y="-56"><name x="280" y="-64">Final1</name></location><location id="id2" x="448" y="64"><name x="440" y="56">l2</name></location><location id="id3" x="600" y="-56"><name x="592" y="-64">Final3</name></location><init ref="id1"/><transition><source ref="id1"/><target ref="id2"/><label kind="synchronisation" x="328" y="24">c?</label><nail x="352" y="24"/></transition><transition><source ref="id3"/><target ref="id2"/><label kind="synchronisation" x="464" y="-11">c?</label><nail x="552" y="24"/></transition><transition><source ref="id3"/><target ref="id2"/><label kind="synchronisation" x="600" y="32">b?</label><nail x="592" y="48"/></transition><transition><source ref="id3"/><target ref="id2"/><label kind="synchronisation" x="504" y="-16">a?</label></transition><transition><source ref="id2"/><target ref="id2"/><label kind="synchronisation" x="504" y="96">c?</label><nail x="504" y="104"/><nail x="504" y="80"/></transition><transition><source ref="id2"/><target ref="id2"/><label kind="synchronisation" x="464" y="104">b?</label><nail x="448" y="112"/><nail x="480" y="96"/></transition><transition><source ref="id2"/><target ref="id2"/><label kind="synchronisation" x="416" y="104">a?</label><nail x="400" y="96"/><nail x="440" y="104"/></transition><transition><source ref="id0"/><target ref="id0"/><label kind="synchronisation" x="472" y="-104">b?</label><nail x="472" y="-88"/><nail x="480" y="-72"/></transition><transition><source ref="id0"/><target ref="id0"/><label kind="synchronisation" x="432" y="-112">a?</label><nail x="432" y="-96"/><nail x="456" y="-96"/></transition><transition><source ref="id1"/><target ref="id0"/><label kind="synchronisation" x="336" y="-120">b?</label><label kind="assignment" x="368" y="-120">z=0</label><nail x="360" y="-96"/></transition><transition><source ref="id0"/><target ref="id2"/><label kind="guard" x="388" y="-26">z&lt;100</label><label kind="synchronisation" x="424" y="-16">c?</label><nail x="448" y="8"/></transition><transition><source ref="id0"/><target ref="id3"/><label kind="guard" x="528" y="-72">z&gt;=100</label><label kind="synchronisation" x="496" y="-72">c?</label></transition><transition><source ref="id1"/><target ref="id0"/><label kind="synchronisation" x="352" y="-71">a?</label><label kind="assignment" x="352" y="-56">z=0</label></transition></template><system>// Place template instantiations here.
Process1 = Property();

// List one or more processes to be composed into a system.
system Process1;
</system></nta>