<?xml version="1.0" encoding="utf-8"?>
<!DOCTYPE nta PUBLIC '-//Uppaal Team//DTD Flat System 1.1//EN' 'http://www.it.uu.se/research/group/darts/uppaal/flat-1_2.dtd'>
<nta>
	<declaration>// Place global declarations here.
clock y;
chan p;
chan q;
chan P;</declaration>
	<template>
		<name x="5" y="5">Property</name>
		<declaration>// Place local declarations here.
</declaration>
		<location id="id0" x="-152" y="24">
			<name x="-176" y="-16">l2</name>
		</location>
		<location id="id1" x="-24" y="-136">
			<name x="-24" y="-168">Final2</name>
		</location>
		<location id="id2" x="-320" y="-136">
			<name x="-360" y="-176">Final1</name>
		</location>
		<init ref="id2"/>
		<transition>
			<source ref="id1"/>
			<target ref="id2"/>
			<label kind="guard" x="-232" y="-288">y&gt;100&amp;&amp;y&lt;=135</label>
			<label kind="synchronisation" x="-192" y="-256">q?</label>
			<label kind="assignment" x="-232" y="-136">y=0</label>
			<nail x="-64" y="-256"/>
			<nail x="-288" y="-256"/>
		</transition>
		<transition>
			<source ref="id0"/>
			<target ref="id0"/>
			<label kind="synchronisation" x="-224" y="0">P?</label>
			<nail x="-144" y="80"/>
			<nail x="-112" y="48"/>
		</transition>
		<transition>
			<source ref="id0"/>
			<target ref="id0"/>
			<label kind="synchronisation" x="-144" y="48">q?</label>
			<nail x="-208" y="48"/>
			<nail x="-176" y="72"/>
		</transition>
		<transition>
			<source ref="id0"/>
			<target ref="id0"/>
			<label kind="synchronisation" x="-192" y="48">p?</label>
			<nail x="-200" y="-8"/>
			<nail x="-216" y="24"/>
		</transition>
		<transition>
			<source ref="id1"/>
			<target ref="id1"/>
			<label kind="synchronisation" x="40" y="-128">P?</label>
			<nail x="32" y="-144"/>
			<nail x="32" y="-120"/>
		</transition>
		<transition>
			<source ref="id1"/>
			<target ref="id1"/>
			<label kind="synchronisation" x="-24" y="-72">p?</label>
			<nail x="-32" y="-72"/>
			<nail x="-8" y="-88"/>
		</transition>
		<transition>
			<source ref="id2"/>
			<target ref="id2"/>
			<label kind="synchronisation" x="-328" y="-96">P?</label>
			<nail x="-344" y="-64"/>
			<nail x="-296" y="-88"/>
		</transition>
		<transition>
			<source ref="id2"/>
			<target ref="id2"/>
			<label kind="synchronisation" x="-376" y="-136">q?</label>
			<nail x="-400" y="-160"/>
			<nail x="-384" y="-104"/>
		</transition>
		<transition>
			<source ref="id1"/>
			<target ref="id0"/>
			<label kind="guard" x="-96" y="-48">y&gt;135</label>
			<label kind="synchronisation" x="-88" y="-32">q?</label>
		</transition>
		<transition>
			<source ref="id2"/>
			<target ref="id1"/>
			<label kind="synchronisation" x="-232" y="-151">p?</label>
			<label kind="assignment" x="-200" y="-240">y=0</label>
		</transition>
	</template>
	<system>// Place template instantiations here.
Process1 = Property();

// List one or more processes to be composed into a system.
system Process1;</system>
	<queries>
	</queries>
</nta>
