<?xml version="1.0" encoding="utf-8"?>
<!DOCTYPE nta PUBLIC '-//Uppaal Team//DTD Flat System 1.1//EN' 'http://www.it.uu.se/research/group/darts/uppaal/flat-1_2.dtd'>
<nta>
	<declaration>// Place global declarations here.
clock y;
chan p;
chan P;
chan q;</declaration>
	<template>
		<name x="5" y="5">Property</name>
		<declaration>// Place local declarations here.
</declaration>
		<location id="id0" x="-152" y="56">
			<name x="-162" y="26">l2</name>
		</location>
		<location id="id1" x="-32" y="-96">
			<name x="-80" y="-120">Final2</name>
		</location>
		<location id="id2" x="-296" y="-96">
			<name x="-306" y="-126">Final1</name>
		</location>
		<init ref="id2"/>
		<transition>
			<source ref="id0"/>
			<target ref="id0"/>
			<label kind="synchronisation" x="-208" y="16">q?</label>
			<nail x="-216" y="-8"/>
			<nail x="-208" y="48"/>
		</transition>
		<transition>
			<source ref="id1"/>
			<target ref="id1"/>
			<label kind="synchronisation" x="40" y="-96">p?</label>
			<nail x="64" y="-104"/>
			<nail x="56" y="-72"/>
		</transition>
		<transition>
			<source ref="id0"/>
			<target ref="id0"/>
			<label kind="synchronisation" x="-144" y="80">p?</label>
			<nail x="-160" y="112"/>
			<nail x="-112" y="96"/>
		</transition>
		<transition>
			<source ref="id0"/>
			<target ref="id0"/>
			<label kind="synchronisation" x="-208" y="72">P?</label>
			<nail x="-224" y="72"/>
			<nail x="-192" y="104"/>
		</transition>
		<transition>
			<source ref="id1"/>
			<target ref="id1"/>
			<label kind="synchronisation" x="-40" y="-56">P?</label>
			<nail x="-48" y="-16"/>
			<nail x="-8" y="-32"/>
		</transition>
		<transition>
			<source ref="id2"/>
			<target ref="id2"/>
			<label kind="synchronisation" x="-344" y="-56">P?</label>
			<nail x="-360" y="-64"/>
			<nail x="-288" y="-48"/>
		</transition>
		<transition>
			<source ref="id2"/>
			<target ref="id2"/>
			<label kind="synchronisation" x="-392" y="-152">p?</label>
			<nail x="-352" y="-168"/>
			<nail x="-368" y="-104"/>
		</transition>
		<transition>
			<source ref="id1"/>
			<target ref="id1"/>
			<label kind="guard" x="32" y="-176">y&lt;=1350</label>
			<label kind="synchronisation" x="40" y="-152">q?</label>
			<label kind="assignment" x="40" y="-136">y=0</label>
			<nail x="-32" y="-200"/>
			<nail x="40" y="-136"/>
		</transition>
		<transition>
			<source ref="id1"/>
			<target ref="id0"/>
			<label kind="guard" x="-88" y="-16">y&gt;1350</label>
			<label kind="synchronisation" x="-96" y="8">q?</label>
		</transition>
		<transition>
			<source ref="id2"/>
			<target ref="id1"/>
			<label kind="synchronisation" x="-200" y="-136">q?</label>
			<label kind="assignment" x="-208" y="-120">y=0</label>
		</transition>
	</template>
	<system>// Place template instantiations here.
Process2 = Property();

// List one or more processes to be composed into a system.
system Process2;</system>
	<queries>
	</queries>
</nta>
