<?xml version="1.0" encoding="utf-8"?><!DOCTYPE nta PUBLIC '-//Uppaal Team//DTD Flat System 1.1//EN' 'http://www.it.uu.se/research/group/darts/uppaal/flat-1_1.dtd'><nta><declaration>// Place global declarations here.

clock y;
//clock z;
chan q;
chan P;
chan p;</declaration><template><name x="5" y="5">Property</name><declaration>// Place local declarations here.
</declaration><location id="id0" x="-120" y="24"><name x="-136" y="-8">l2</name></location><location id="id1" x="24" y="-152"><name x="-40" y="-176">Final2</name></location><location id="id2" x="-288" y="-152"><name x="-298" y="-182">Final1</name></location><init ref="id2"/><transition><source ref="id0"/><target ref="id0"/><label kind="synchronisation" x="-180" y="9">q?</label><nail x="-184" y="-32"/><nail x="-200" y="24"/></transition><transition><source ref="id1"/><target ref="id1"/><label kind="synchronisation" x="112" y="-144">p?</label><nail x="104" y="-128"/><nail x="104" y="-152"/></transition><transition><source ref="id2"/><target ref="id2"/><label kind="synchronisation" x="-304" y="-104">p?</label><nail x="-336" y="-64"/><nail x="-264" y="-88"/></transition><transition><source ref="id1"/><target ref="id1"/><label kind="synchronisation" x="32" y="-96">P?</label><nail x="-8" y="-64"/><nail x="64" y="-88"/></transition><transition><source ref="id0"/><target ref="id0"/><label kind="synchronisation" x="-80" y="88">P?</label><nail x="-104" y="96"/><nail x="-64" y="72"/></transition><transition><source ref="id0"/><target ref="id0"/><label kind="synchronisation" x="-192" y="88">p?</label><nail x="-216" y="80"/><nail x="-136" y="88"/></transition><transition><source ref="id2"/><target ref="id2"/><label kind="synchronisation" x="-368" y="-144">P?</label><nail x="-392" y="-160"/><nail x="-376" y="-96"/></transition><transition><source ref="id1"/><target ref="id1"/><label kind="guard" x="48" y="-272">y&gt;=900</label><label kind="synchronisation" x="56" y="-248">q?</label><label kind="assignment" x="48" y="-216">y=0</label><nail x="-8" y="-248"/><nail x="112" y="-208"/></transition><transition><source ref="id1"/><target ref="id0"/><label kind="guard" x="-64" y="-48">y&lt;900</label><label kind="synchronisation" x="-72" y="-32">q?</label></transition><transition><source ref="id2"/><target ref="id1"/><label kind="synchronisation" x="-152" y="-144">q?</label><label kind="assignment" x="-152" y="-128">y=0</label></transition></template><system>// Place template instantiations here.
Process1 = Property();

// List one or more processes to be composed into a system.
system Process1;</system></nta>