<?xml version="1.0" encoding="utf-8"?>
<!DOCTYPE nta PUBLIC '-//Uppaal Team//DTD Flat System 1.1//EN' 'http://www.it.uu.se/research/group/darts/uppaal/flat-1_2.dtd'>
<nta>
	<declaration>// Place global declarations here.
clock y;
chan q;
chan p;
chan P;</declaration>
	<template>
		<name x="5" y="5">Property</name>
		<declaration>// Place local declarations here.
</declaration>
		<location id="id0" x="-192" y="48">
			<name x="-202" y="18">l2</name>
		</location>
		<location id="id1" x="-64" y="-88">
			<name x="-40" y="-96">Final2</name>
			<committed/>
		</location>
		<location id="id2" x="-312" y="-88">
			<name x="-322" y="-118">Final1</name>
		</location>
		<init ref="id2"/>
		<transition>
			<source ref="id0"/>
			<target ref="id0"/>
			<label kind="synchronisation" x="-280" y="40">p?</label>
			<nail x="-240" y="16"/>
			<nail x="-256" y="40"/>
		</transition>
		<transition>
			<source ref="id0"/>
			<target ref="id0"/>
			<label kind="synchronisation" x="-112" y="48">P?</label>
			<nail x="-120" y="24"/>
			<nail x="-112" y="64"/>
		</transition>
		<transition>
			<source ref="id1"/>
			<target ref="id1"/>
			<label kind="synchronisation" x="-8" y="-64">q?</label>
			<nail x="-24" y="-48"/>
			<nail x="-8" y="-64"/>
		</transition>
		<transition>
			<source ref="id1"/>
			<target ref="id1"/>
			<label kind="synchronisation" x="-72" y="-64">p?</label>
			<nail x="-28" y="15"/>
			<nail x="4" y="-1"/>
		</transition>
		<transition>
			<source ref="id2"/>
			<target ref="id2"/>
			<label kind="synchronisation" x="-374" y="-110">p?</label>
			<nail x="-312" y="-32"/>
			<nail x="-280" y="-56"/>
		</transition>
		<transition>
			<source ref="id2"/>
			<target ref="id2"/>
			<label kind="synchronisation" x="-296" y="-40">q?</label>
			<nail x="-408" y="-88"/>
			<nail x="-336" y="-56"/>
		</transition>
		<transition>
			<source ref="id0"/>
			<target ref="id0"/>
			<label kind="synchronisation" x="-256" y="96">q?</label>
			<nail x="-256" y="80"/>
			<nail x="-152" y="88"/>
		</transition>
		<transition>
			<source ref="id1"/>
			<target ref="id1"/>
			<label kind="guard" x="-24" y="-200">y&gt;0</label>
			<label kind="synchronisation" x="-56" y="-176">P?</label>
			<label kind="assignment" x="-24" y="-152">y=0</label>
			<nail x="-72" y="-160"/>
			<nail x="-8" y="-120"/>
		</transition>
		<transition>
			<source ref="id1"/>
			<target ref="id0"/>
			<label kind="guard" x="-128" y="-16">y==0</label>
			<label kind="synchronisation" x="-144" y="0">P?</label>
		</transition>
		<transition>
			<source ref="id2"/>
			<target ref="id1"/>
			<label kind="synchronisation" x="-248" y="-128">P?</label>
			<label kind="assignment" x="-216" y="-104">y=0</label>
		</transition>
	</template>
	<system>// Place template instantiations here.
Process1 = Property();

// List one or more processes to be composed into a system.
system Process1;</system>
	<queries>
	</queries>
</nta>
