<?xml version="1.0" encoding="utf-8"?>
<!DOCTYPE nta PUBLIC '-//Uppaal Team//DTD Flat System 1.1//EN' 'http://www.it.uu.se/research/group/darts/uppaal/flat-1_2.dtd'>
<nta>
	<declaration>// Place global declarations here.
clock y;
chan p;
chan q;
chan P;</declaration>
	<template>
		<name x="5" y="5">Property</name>
		<declaration>// Place local declarations here.
</declaration>
		<location id="id0" x="-96" y="80">
			<name x="-106" y="50">l2</name>
		</location>
		<location id="id1" x="32" y="-120">
			<name x="-24" y="-144">Final2</name>
		</location>
		<location id="id2" x="-248" y="-120">
			<name x="-272" y="-176">Final1</name>
		</location>
		<init ref="id2"/>
		<transition>
			<source ref="id1"/>
			<target ref="id2"/>
			<label kind="guard" x="-176" y="-272">y&gt;500&amp;&amp;y&lt;=1000</label>
			<label kind="synchronisation" x="-128" y="-240">p?</label>
			<label kind="assignment" x="-136" y="-224">y=0</label>
			<nail x="-16" y="-248"/>
			<nail x="-192" y="-248"/>
		</transition>
		<transition>
			<source ref="id1"/>
			<target ref="id1"/>
			<label kind="synchronisation" x="104" y="-136">q?</label>
			<nail x="96" y="-152"/>
			<nail x="104" y="-120"/>
		</transition>
		<transition>
			<source ref="id1"/>
			<target ref="id1"/>
			<label kind="synchronisation" x="48" y="-72">P?</label>
			<nail x="24" y="-40"/>
			<nail x="88" y="-64"/>
		</transition>
		<transition>
			<source ref="id0"/>
			<target ref="id0"/>
			<label kind="synchronisation" x="-48" y="88">P?</label>
			<nail x="-32" y="120"/>
			<nail x="-32" y="80"/>
		</transition>
		<transition>
			<source ref="id0"/>
			<target ref="id0"/>
			<label kind="synchronisation" x="-120" y="112">q?</label>
			<nail x="-144" y="136"/>
			<nail x="-88" y="128"/>
		</transition>
		<transition>
			<source ref="id0"/>
			<target ref="id0"/>
			<label kind="synchronisation" x="-168" y="72">p?</label>
			<nail x="-184" y="64"/>
			<nail x="-184" y="112"/>
		</transition>
		<transition>
			<source ref="id2"/>
			<target ref="id2"/>
			<label kind="synchronisation" x="-308" y="-135">P?</label>
			<nail x="-280" y="-40"/>
			<nail x="-216" y="-72"/>
		</transition>
		<transition>
			<source ref="id2"/>
			<target ref="id2"/>
			<label kind="synchronisation" x="-256" y="-80">p?</label>
			<nail x="-296" y="-184"/>
			<nail x="-312" y="-112"/>
		</transition>
		<transition>
			<source ref="id1"/>
			<target ref="id0"/>
			<label kind="guard" x="-40" y="-8">y&gt;1000</label>
			<label kind="synchronisation" x="-40" y="16">p?</label>
		</transition>
		<transition>
			<source ref="id2"/>
			<target ref="id1"/>
			<label kind="synchronisation" x="-152" y="-160">q?</label>
			<label kind="assignment" x="-160" y="-144">y=0</label>
		</transition>
	</template>
	<system>// Place template instantiations here.
Process1 = Property();

// List one or more processes to be composed into a system.
system Process1;</system>
	<queries>
	</queries>
</nta>
