<?xml version="1.0" encoding="utf-8"?><!DOCTYPE nta PUBLIC '-//Uppaal Team//DTD Flat System 1.1//EN' 'http://www.it.uu.se/research/group/darts/uppaal/flat-1_1.dtd'><nta><declaration>// Place global declarations here.

clock x;

chan a;
chan b;
chan c;</declaration><template><name x="5" y="5">Property</name><declaration>// Place local declarations here.
</declaration><location id="id0" x="448" y="64"><name x="438" y="34">S3</name></location><location id="id1" x="600" y="-56"><name x="590" y="-86">Final1</name></location><location id="id2" x="448" y="-56"><name x="438" y="-86">S1</name></location><location id="id3" x="288" y="-56"><name x="278" y="-86">S0</name></location><init ref="id3"/><transition><source ref="id0"/><target ref="id0"/><label kind="synchronisation" x="536" y="88">b?</label><nail x="544" y="64"/><nail x="520" y="96"/></transition><transition><source ref="id1"/><target ref="id1"/><label kind="synchronisation" x="616" y="0">b?</label><nail x="600" y="0"/><nail x="640" y="-8"/></transition><transition><source ref="id2"/><target ref="id2"/><label kind="synchronisation" x="416" y="-112">b?</label><nail x="408" y="-88"/><nail x="440" y="-104"/></transition><transition><source ref="id3"/><target ref="id3"/><label kind="synchronisation" x="280" y="-8">b?</label><nail x="280" y="-16"/><nail x="312" y="-8"/></transition><transition><source ref="id3"/><target ref="id3"/><label kind="synchronisation" x="240" y="-80">a?</label><nail x="216" y="-56"/><nail x="240" y="-16"/></transition><transition><source ref="id1"/><target ref="id1"/><label kind="synchronisation" x="656" y="-88">c?</label><nail x="648" y="-88"/><nail x="656" y="-64"/></transition><transition><source ref="id1"/><target ref="id1"/><label kind="synchronisation" x="608" y="-112">a?</label><nail x="576" y="-104"/><nail x="608" y="-104"/></transition><transition><source ref="id0"/><target ref="id0"/><label kind="synchronisation" x="464" y="120">c?</label><nail x="448" y="128"/><nail x="488" y="104"/></transition><transition><source ref="id0"/><target ref="id0"/><label kind="synchronisation" x="400" y="112">a?</label><nail x="392" y="96"/><nail x="424" y="120"/></transition><transition><source ref="id2"/><target ref="id0"/><label kind="guard" x="488" y="-24">x&lt;=6</label><label kind="synchronisation" x="496" y="0">a?</label><nail x="496" y="8"/></transition><transition><source ref="id2"/><target ref="id0"/><label kind="synchronisation" x="376" y="0">c?</label><nail x="392" y="8"/></transition><transition><source ref="id2"/><target ref="id1"/><label kind="guard" x="512" y="-88">x&gt;6</label><label kind="synchronisation" x="480" y="-72">a?</label></transition><transition><source ref="id3"/><target ref="id2"/><label kind="synchronisation" x="308" y="-71">c?</label><label kind="assignment" x="352" y="-72">x=0</label></transition></template><system>// Place template instantiations here.
Process1 = Property();

// List one or more processes to be composed into a system.
system Process1;</system></nta>