<?xml version="1.0" encoding="utf-8"?><!DOCTYPE nta PUBLIC '-//Uppaal Team//DTD Flat System 1.1//EN' 'http://www.it.uu.se/research/group/darts/uppaal/flat-1_1.dtd'><nta><declaration>// Place global declarations here.
clock y;
chan A;
chan V;</declaration><template><name x="5" y="5">Property</name><declaration>// Place local declarations here.
</declaration><location id="id0" x="-96" y="48"><name x="-106" y="18">l2</name></location><location id="id1" x="40" y="-120"><name x="30" y="-150">Final2</name></location><location id="id2" x="-256" y="-120"><name x="-266" y="-150">Final1</name></location><init ref="id2"/><transition><source ref="id1"/><target ref="id1"/><label kind="synchronisation" x="72" y="-88">V?</label><nail x="48" y="-40"/><nail x="120" y="-96"/></transition><transition><source ref="id1"/><target ref="id2"/><label kind="guard" x="-136" y="-248">y&gt;=4</label><label kind="synchronisation" x="-128" y="-216">A?</label><label kind="assignment" x="-168" y="-120">y=0</label><nail x="32" y="-216"/><nail x="-216" y="-216"/></transition><transition><source ref="id2"/><target ref="id2"/><label kind="synchronisation" x="-328" y="-128">A?</label><nail x="-304" y="-152"/><nail x="-312" y="-80"/></transition><transition><source ref="id0"/><target ref="id0"/><label kind="synchronisation" x="-112" y="80">A?</label><nail x="-136" y="104"/><nail x="-72" y="96"/></transition><transition><source ref="id0"/><target ref="id0"/><label kind="synchronisation" x="-216" y="32">V?</label><nail x="-192" y="8"/><nail x="-192" y="64"/></transition><transition><source ref="id1"/><target ref="id0"/><label kind="guard" x="-88" y="-66">y&lt;4</label><label kind="synchronisation" x="-88" y="-51">A?</label></transition><transition><source ref="id2"/><target ref="id1"/><label kind="synchronisation" x="-144" y="-144">V?</label><label kind="assignment" x="-136" y="-200">y=0</label></transition></template><system>// Place template instantiations here.
Process1 = Property();

// List one or more processes to be composed into a system.
system Process1;</system></nta>