<?xml version="1.0" encoding="utf-8"?><!DOCTYPE nta PUBLIC '-//Uppaal Team//DTD Flat System 1.1//EN' 'http://www.it.uu.se/research/group/darts/uppaal/flat-1_1.dtd'><nta><declaration>// Place global declarations here.
clock x;
chan S;</declaration><template><name x="5" y="5">Property</name><declaration>// Place local declarations here.
</declaration><location id="id0" x="64" y="-88"><name x="54" y="-118">Final</name></location><location id="id1" x="-120" y="64"><name x="-128" y="88">l2</name></location><location id="id2" x="-128" y="-208"><name x="-138" y="-238">l1</name></location><location id="id3" x="-336" y="-96"><name x="-346" y="-126">l0</name></location><init ref="id3"/><transition><source ref="id3"/><target ref="id1"/><label kind="guard" x="-288" y="-46">x&gt;1</label><label kind="synchronisation" x="-288" y="-31">S?</label></transition><transition><source ref="id0"/><target ref="id1"/><label kind="synchronisation" x="-88" y="-27">S?</label></transition><transition><source ref="id2"/><target ref="id0"/><label kind="synchronisation" x="-92" y="-163">S?</label></transition><transition><source ref="id2"/><target ref="id1"/><label kind="guard" x="-144" y="-112">x&lt;1</label><label kind="synchronisation" x="-144" y="-80">S?</label></transition><transition><source ref="id3"/><target ref="id2"/><label kind="guard" x="-292" y="-182">x&lt;=1</label><label kind="synchronisation" x="-264" y="-168">S?</label></transition></template><system>// Place template instantiations here.
Process1 = Property();

// List one or more processes to be composed into a system.
system Process1;</system></nta>