<?xml version="1.0" encoding="utf-8"?><!DOCTYPE nta PUBLIC '-//Uppaal Team//DTD Flat System 1.1//EN' 'http://www.it.uu.se/research/group/darts/uppaal/flat-1_1.dtd'><nta><declaration>// Place global declarations here.
clock x;
chan S;</declaration><template><name x="5" y="5">Property</name><declaration>// Place local declarations here.
</declaration><location id="id0" x="728" y="104"><name x="736" y="72">Final</name></location><location id="id1" x="728" y="-232"><name x="718" y="-262">l9</name></location><location id="id2" x="616" y="-112"><name x="606" y="-142">l8</name></location><location id="id3" x="536" y="-224"><name x="526" y="-254">l7</name></location><location id="id4" x="432" y="-112"><name x="422" y="-142">l6</name></location><location id="id5" x="344" y="-216"><name x="334" y="-246">l5</name></location><location id="id6" x="248" y="-104"><name x="238" y="-134">l4</name></location><location id="id7" x="152" y="-200"><name x="142" y="-230">l3</name></location><location id="id8" x="-104" y="-184"></location><location id="id9" x="24" y="-96"><name x="14" y="-126">l2</name></location><location id="id10" x="232" y="136"><name x="224" y="152">Trap</name></location><location id="id11" x="-104" y="-184"><name x="-114" y="-214">l1</name></location><location id="id12" x="-248" y="-96"><name x="-258" y="-126">l0</name></location><init ref="id12"/><transition><source ref="id0"/><target ref="id10"/><label kind="guard" x="456" y="128">x&gt;9</label><label kind="synchronisation" x="480" y="144">S?</label></transition><transition><source ref="id1"/><target ref="id0"/><label kind="guard" x="688" y="-112">x&lt;=9</label><label kind="synchronisation" x="688" y="-96">S?</label></transition><transition><source ref="id1"/><target ref="id10"/><label kind="guard" x="632" y="-64">x&gt;8</label><label kind="synchronisation" x="624" y="-48">S?</label><nail x="576" y="48"/></transition><transition><source ref="id2"/><target ref="id1"/><label kind="guard" x="612" y="-202">x&lt;=8</label><label kind="synchronisation" x="612" y="-187">S?</label></transition><transition><source ref="id2"/><target ref="id10"/><label kind="guard" x="480" y="0">x&gt;7</label><label kind="synchronisation" x="472" y="24">S?</label><nail x="448" y="56"/></transition><transition><source ref="id3"/><target ref="id2"/><label kind="guard" x="552" y="-208">x&lt;=7</label><label kind="synchronisation" x="552" y="-193">S?</label></transition><transition><source ref="id3"/><target ref="id10"/><label kind="guard" x="448" y="-88">x&gt;6</label><label kind="synchronisation" x="480" y="-64">S?</label><nail x="484" y="-6"/></transition><transition><source ref="id4"/><target ref="id3"/><label kind="guard" x="424" y="-198">x&lt;=6</label><label kind="synchronisation" x="424" y="-183">S?</label></transition><transition><source ref="id4"/><target ref="id10"/><label kind="guard" x="352" y="-80">x&gt;5</label><label kind="synchronisation" x="360" y="-56">S?</label></transition><transition><source ref="id5"/><target ref="id4"/><label kind="guard" x="360" y="-216">x&lt;=5</label><label kind="synchronisation" x="376" y="-192">S?</label></transition><transition><source ref="id5"/><target ref="id10"/><label kind="guard" x="296" y="-88">x&gt;4</label><label kind="synchronisation" x="296" y="-64">S?</label><nail x="288" y="0"/></transition><transition><source ref="id6"/><target ref="id5"/><label kind="guard" x="256" y="-208">x&lt;=4</label><label kind="synchronisation" x="280" y="-192">S?</label></transition><transition><source ref="id6"/><target ref="id10"/><label kind="guard" x="224" y="-56">x&gt;3</label><label kind="synchronisation" x="232" y="-24">S?</label></transition><transition><source ref="id7"/><target ref="id6"/><label kind="guard" x="184" y="-192">x&lt;=3</label><label kind="synchronisation" x="200" y="-168">S?</label></transition><transition><source ref="id7"/><target ref="id10"/><label kind="guard" x="160" y="-72">x&gt;2</label><label kind="synchronisation" x="160" y="-56">S?</label></transition><transition><source ref="id9"/><target ref="id7"/><label kind="guard" x="28" y="-178">x&lt;=2</label><label kind="synchronisation" x="28" y="-163">S?</label></transition><transition><source ref="id9"/><target ref="id10"/><label kind="guard" x="36" y="-22">x&gt;1</label><label kind="synchronisation" x="36" y="-7">S?</label></transition><transition><source ref="id8"/><target ref="id9"/><label kind="guard" x="-72" y="-184">x&lt;=1</label><label kind="synchronisation" x="-48" y="-168">S?</label></transition><transition><source ref="id11"/><target ref="id8"/></transition><transition><source ref="id8"/><target ref="id11"/></transition><transition><source ref="id12"/><target ref="id10"/><label kind="guard" x="-96" y="8">x&gt;0</label><label kind="synchronisation" x="-72" y="24">S?</label></transition><transition><source ref="id12"/><target ref="id11"/><label kind="guard" x="-236" y="-170">x&lt;=0</label><label kind="synchronisation" x="-236" y="-155">S?</label></transition></template><system>// Place template instantiations here.
Process1 = Property();

// List one or more processes to be composed into a system.
system Process1;</system></nta>