<?xml version="1.0" encoding="utf-8"?><!DOCTYPE nta PUBLIC '-//Uppaal Team//DTD Flat System 1.1//EN' 'http://www.it.uu.se/research/group/darts/uppaal/flat-1_1.dtd'><nta><declaration>// Place global declarations here.
clock y;
chan A;
chan V;</declaration><template><name x="5" y="5">Property</name><declaration>// Place local declarations here.
</declaration><location id="id0" x="-176" y="80"><name x="-186" y="50">l2</name></location><location id="id1" x="-24" y="-104"><name x="-34" y="-134">Final2</name></location><location id="id2" x="-304" y="-104"><name x="-314" y="-134">Final1</name></location><init ref="id2"/><transition><source ref="id2"/><target ref="id2"/><label kind="synchronisation" x="-336" y="-64">P?</label><nail x="-360" y="-40"/><nail x="-296" y="-40"/></transition><transition><source ref="id1"/><target ref="id1"/><label kind="synchronisation" x="88" y="-96">V?</label><nail x="136" y="-120"/><nail x="104" y="-64"/></transition><transition><source ref="id1"/><target ref="id1"/><label kind="synchronisation" x="40" y="-184">A?</label><nail x="16" y="-200"/><nail x="56" y="-136"/></transition><transition><source ref="id1"/><target ref="id2"/><label kind="guard" x="-232" y="-48">y&gt;=3</label><label kind="synchronisation" x="-224" y="-119">P?</label><label kind="assignment" x="-224" y="-104">y=0</label><nail x="-160" y="-48"/></transition><transition><source ref="id1"/><target ref="id0"/><label kind="guard" x="-24" y="-32">y&lt;3</label><label kind="synchronisation" x="-32" y="-8">P?</label><nail x="16" y="-8"/></transition><transition><source ref="id2"/><target ref="id2"/><label kind="synchronisation" x="-392" y="-104">A?</label><nail x="-408" y="-120"/><nail x="-408" y="-56"/></transition><transition><source ref="id0"/><target ref="id0"/><label kind="synchronisation" x="-168" y="112">V?</label><nail x="-184" y="144"/><nail x="-104" y="120"/></transition><transition><source ref="id0"/><target ref="id0"/><label kind="synchronisation" x="-240" y="80">A?</label><nail x="-256" y="72"/><nail x="-248" y="120"/></transition><transition><source ref="id2"/><target ref="id1"/><label kind="synchronisation" x="-224" y="-56">V?</label><label kind="assignment" x="-232" y="-24">y=0</label></transition></template><system>// Place template instantiations here.
Process1 = Property();

// List one or more processes to be composed into a system.
system Process1;</system></nta>